{
  "IcoMoonType": "selection",
  "icons": [
    {
      "icon": {
        "paths": [
          "M640 0.16c-212.064 0-384 171.936-384 384 0 64.832 16.224 125.856 44.64 179.456l-267.008 266.944 0.224 0.192c-20.864 20.512-33.856 48.928-33.856 80.512 0 62.368 50.56 112.928 112.928 112.928 31.52 0 59.968-12.992 80.48-33.888l-0.064-0.064 266.912-266.88c53.632 28.512 114.752 44.8 179.744 44.8 212.064 0 384-171.936 384-384s-171.936-384-384-384zM153.44 950.304c-10.304 10.688-24.576 17.376-40.512 17.376-31.2 0-56.48-25.248-56.48-56.448 0-15.936 6.72-30.176 17.376-40.512l-0.288-0.256 258.112-258.112c22.56 30.432 49.44 57.312 79.808 79.936l-258.016 258.016zM640 704.192c-176.704 0-320-143.328-320-320 0-176.704 143.296-320 320-320 176.672 0 320 143.296 320 320 0 176.672-143.328 320-320 320zM640 160.16c8.8 0 16 7.168 16 16s-7.2 16-16 16c-106.048 0-192 85.984-192 192 0 8.832-7.168 16-16 16s-16-7.168-16-16c0-123.712 100.256-224 224-224z"
        ],
        "attrs": [
          {}
        ],
        "isMulticolor": false,
        "isMulticolor2": false,
        "tags": [
          "search",
          "magnifier",
          "lookup",
          "find"
        ],
        "grid": 32
      },
      "attrs": [
        {}
      ],
      "properties": {
        "order": 1,
        "id": 0,
        "prevSize": 32,
        "name": "search"
      },
      "setIdx": 0,
      "setId": 2,
      "iconIdx": 0
    },
    {
      "icon": {
        "paths": [
          "M992.262 871.396l-242.552-206.294c-25.074-22.566-51.89-32.926-73.552-31.926 57.256-67.068 91.842-154.078 91.842-249.176 0-212.078-171.922-384-384-384-212.076 0-384 171.922-384 384s171.922 384 384 384c95.098 0 182.108-34.586 249.176-91.844-1 21.662 9.36 48.478 31.926 73.552l206.294 242.552c35.322 39.246 93.022 42.554 128.22 7.356s31.892-92.898-7.354-128.22zM384 640c-141.384 0-256-114.616-256-256s114.616-256 256-256 256 114.616 256 256-114.614 256-256 256z"
        ],
        "tags": [
          "search",
          "magnifier",
          "magnifying-glass",
          "inspect",
          "find"
        ],
        "defaultCode": 59782,
        "grid": 16,
        "attrs": []
      },
      "attrs": [],
      "properties": {
        "ligatures": "search, magnifier",
        "name": "search1",
        "order": 2,
        "id": 135,
        "prevSize": 32,
        "code": 59782
      },
      "setIdx": 1,
      "setId": 1,
      "iconIdx": 134
    }
  ],
  "height": 1024,
  "preferences": {
    "showGlyphs": true,
    "showQuickUse": true,
    "showQuickUse2": true,
    "showSVGs": true,
    "fontPref": {
      "prefix": "icon-",
      "metadata": {
        "fontFamily": "icomoon"
      },
      "metrics": {
        "emSize": 1024,
        "baseline": 6.25,
        "whitespace": 50
      },
      "embed": false
    },
    "imagePref": {
      "prefix": "icon-",
      "png": true,
      "useClassSelector": true,
      "color": 0,
      "bgColor": 16777215,
      "classSelector": ".icon",
      "name": "icomoon"
    },
    "historySize": 50,
    "showCodes": true,
    "gridSize": 16
  }
}